Receipt_ID,Item,Period,Qty,Due_Date,Supplier,Type
PO-2601,RM-SALT,39,15000.0,2026-09-27,SUP-AGRO-01,Purchase Order
PO-2602,RM-STARCH,39,1388.41,2026-09-27,SUP-AGRO-02,Purchase Order
PO-2603,RM-CHILLI,38,2103.44,2026-09-20,SUP-SPICE-01,Purchase Order
PO-2604,RM-TURMERIC,38,1051.72,2026-09-20,SUP-SPICE-02,Purchase Order
PO-2605,RM-TOMATO,39,49586.87,2026-09-27,SUP-AGRO-03,Purchase Order
PO-2606,PK-WRAP-OAT,38,120000.0,2026-09-20,SUP-PACK-02,Purchase Order
PO-2607,PK-SACHET,38,400000.0,2026-09-20,SUP-PACK-02,Purchase Order
PO-2608,PK-BOTTLE-500,37,60000.0,2026-09-13,SUP-PACK-03,Purchase Order
PO-2609,PK-CTN-24,38,6000.0,2026-09-20,SUP-PACK-01,Purchase Order
